{
  "experiment_name": "exp_high_lr",
  "total_episodes": 50,
  "learning_rate": 0.0005,
  "gamma": 0.99,
  "epsilon_start": 1.0,
  "epsilon_min": 0.02,
  "epsilon_decay": 0.999995,
  "final_epsilon": 0.8038476274461913,
  "episode_rewards": [
    -21.0,
    -20.0,
    -21.0,
    -21.0,
    -20.0,
    -21.0,
    -16.0,
    -21.0,
    -21.0,
    -20.0,
    -21.0,
    -20.0,
    -19.0,
    -21.0,
    -21.0,
    -21.0,
    -19.0,
    -21.0,
    -20.0,
    -21.0,
    -21.0,
    -21.0,
    -20.0,
    -21.0,
    -21.0,
    -21.0,
    -21.0,
    -21.0,
    -20.0,
    -21.0,
    -20.0,
    -21.0,
    -20.0,
    -20.0,
    -21.0,
    -20.0,
    -19.0,
    -21.0,
    -21.0,
    -20.0,
    -20.0,
    -21.0,
    -21.0,
    -20.0,
    -20.0,
    -21.0,
    -21.0,
    -20.0,
    -20.0,
    -21.0
  ],
  "episode_lengths": [
    764,
    995,
    792,
    915,
    1070,
    882,
    1228,
    830,
    802,
    890,
    1013,
    925,
    1009,
    824,
    764,
    824,
    1046,
    977,
    871,
    792,
    764,
    801,
    838,
    885,
    824,
    764,
    824,
    965,
    960,
    882,
    838,
    792,
    889,
    960,
    824,
    900,
    1119,
    884,
    852,
    1144,
    932,
    844,
    792,
    842,
    880,
    882,
    852,
    964,
    936,
    822
  ],
  "avg_reward_last_100": -20.44,
  "avg_length_last_100": 893.36,
  "best_episode_reward": -16.0,
  "worst_episode_reward": -21.0,
  "total_steps": 43669,
  "timestamp": "2025-11-11T19:58:23.139380"
}