{
  "experiment_name": "exp_high_gamma",
  "total_episodes": 50,
  "learning_rate": 0.0001,
  "gamma": 0.995,
  "epsilon_start": 1.0,
  "epsilon_min": 0.02,
  "epsilon_decay": 0.999995,
  "final_epsilon": 0.80083483213636,
  "episode_rewards": [
    -19.0,
    -21.0,
    -20.0,
    -17.0,
    -21.0,
    -21.0,
    -21.0,
    -21.0,
    -21.0,
    -19.0,
    -21.0,
    -21.0,
    -20.0,
    -20.0,
    -21.0,
    -21.0,
    -20.0,
    -20.0,
    -21.0,
    -21.0,
    -21.0,
    -21.0,
    -20.0,
    -21.0,
    -20.0,
    -20.0,
    -21.0,
    -21.0,
    -21.0,
    -21.0,
    -21.0,
    -19.0,
    -21.0,
    -21.0,
    -21.0,
    -21.0,
    -21.0,
    -20.0,
    -21.0,
    -21.0,
    -21.0,
    -21.0,
    -20.0,
    -20.0,
    -21.0,
    -20.0,
    -21.0,
    -20.0,
    -20.0,
    -20.0
  ],
  "episode_lengths": [
    1061,
    812,
    902,
    1274,
    792,
    1087,
    792,
    942,
    885,
    1132,
    972,
    826,
    958,
    1130,
    764,
    852,
    1112,
    871,
    843,
    1065,
    909,
    1031,
    871,
    843,
    891,
    1007,
    826,
    811,
    764,
    873,
    764,
    944,
    849,
    801,
    854,
    764,
    854,
    842,
    824,
    792,
    914,
    912,
    921,
    904,
    843,
    903,
    844,
    1042,
    989,
    961
  ],
  "avg_reward_last_100": -20.5,
  "avg_length_last_100": 908.38,
  "best_episode_reward": -17.0,
  "worst_episode_reward": -21.0,
  "total_steps": 44420,
  "timestamp": "2025-11-11T19:16:07.918055"
}