{
  "experiment_name": "exp_low_gamma",
  "total_episodes": 50,
  "learning_rate": 0.0001,
  "gamma": 0.95,
  "epsilon_start": 1.0,
  "epsilon_min": 0.02,
  "epsilon_decay": 0.999995,
  "final_epsilon": 0.7932034132623947,
  "episode_rewards": [
    -21.0,
    -21.0,
    -21.0,
    -19.0,
    -21.0,
    -21.0,
    -19.0,
    -21.0,
    -21.0,
    -20.0,
    -21.0,
    -20.0,
    -20.0,
    -21.0,
    -19.0,
    -21.0,
    -20.0,
    -20.0,
    -20.0,
    -21.0,
    -20.0,
    -20.0,
    -21.0,
    -21.0,
    -21.0,
    -19.0,
    -20.0,
    -20.0,
    -19.0,
    -19.0,
    -21.0,
    -20.0,
    -21.0,
    -21.0,
    -21.0,
    -20.0,
    -21.0,
    -21.0,
    -19.0,
    -21.0,
    -20.0,
    -21.0,
    -21.0,
    -19.0,
    -20.0,
    -21.0,
    -19.0,
    -20.0,
    -21.0,
    -21.0
  ],
  "episode_lengths": [
    884,
    853,
    764,
    938,
    871,
    798,
    1045,
    908,
    826,
    964,
    843,
    934,
    966,
    884,
    976,
    1079,
    902,
    1021,
    992,
    938,
    843,
    1022,
    1034,
    974,
    972,
    1057,
    935,
    1142,
    982,
    1025,
    764,
    987,
    932,
    971,
    891,
    1130,
    811,
    764,
    1037,
    972,
    842,
    942,
    942,
    1010,
    1128,
    884,
    1196,
    963,
    852,
    944
  ],
  "avg_reward_last_100": -20.34,
  "avg_length_last_100": 946.68,
  "best_episode_reward": -19.0,
  "worst_episode_reward": -21.0,
  "total_steps": 46335,
  "timestamp": "2025-11-11T19:37:06.766569"
}