{
  "experiment_name": "high_gamma",
  "total_episodes": 300,
  "learning_rate": 0.0001,
  "gamma": 0.995,
  "epsilon_start": 1.0,
  "epsilon_min": 0.02,
  "epsilon_decay": 0.999995,
  "final_epsilon": 0.09560397609169434,
  "episode_rewards": [
    -21.0,
    -20.0,
    -20.0,
    -21.0,
    -21.0,
    -21.0,
    -20.0,
    -21.0,
    -20.0,
    -20.0,
    -20.0,
    -20.0,
    -19.0,
    -21.0,
    -21.0,
    -20.0,
    -20.0,
    -21.0,
    -21.0,
    -21.0,
    -20.0,
    -19.0,
    -20.0,
    -19.0,
    -21.0,
    -20.0,
    -20.0,
    -21.0,
    -21.0,
    -21.0,
    -21.0,
    -21.0,
    -17.0,
    -21.0,
    -20.0,
    -20.0,
    -20.0,
    -20.0,
    -20.0,
    -21.0,
    -20.0,
    -21.0,
    -19.0,
    -20.0,
    -21.0,
    -21.0,
    -20.0,
    -20.0,
    -20.0,
    -21.0,
    -20.0,
    -20.0,
    -21.0,
    -20.0,
    -21.0,
    -21.0,
    -19.0,
    -21.0,
    -20.0,
    -21.0,
    -19.0,
    -20.0,
    -20.0,
    -20.0,
    -21.0,
    -21.0,
    -21.0,
    -21.0,
    -20.0,
    -20.0,
    -19.0,
    -20.0,
    -19.0,
    -20.0,
    -21.0,
    -20.0,
    -19.0,
    -17.0,
    -21.0,
    -21.0,
    -19.0,
    -21.0,
    -21.0,
    -18.0,
    -18.0,
    -20.0,
    -19.0,
    -21.0,
    -18.0,
    -20.0,
    -19.0,
    -16.0,
    -20.0,
    -18.0,
    -16.0,
    -19.0,
    -20.0,
    -16.0,
    -18.0,
    -19.0,
    -19.0,
    -14.0,
    -18.0,
    -16.0,
    -18.0,
    -20.0,
    -16.0,
    -19.0,
    -16.0,
    -21.0,
    -20.0,
    -19.0,
    -17.0,
    -18.0,
    -18.0,
    -17.0,
    -19.0,
    -17.0,
    -19.0,
    -20.0,
    -17.0,
    -19.0,
    -18.0,
    -20.0,
    -15.0,
    -17.0,
    -20.0,
    -19.0,
    -17.0,
    -19.0,
    -18.0,
    -12.0,
    -20.0,
    -19.0,
    -16.0,
    -18.0,
    -15.0,
    -13.0,
    -17.0,
    -15.0,
    -19.0,
    -20.0,
    -17.0,
    -16.0,
    -17.0,
    -20.0,
    -14.0,
    -12.0,
    -16.0,
    -19.0,
    -11.0,
    -17.0,
    -19.0,
    -18.0,
    -16.0,
    -19.0,
    -21.0,
    -16.0,
    -17.0,
    -19.0,
    -16.0,
    -16.0,
    -19.0,
    -17.0,
    -16.0,
    -13.0,
    -13.0,
    -17.0,
    -17.0,
    -14.0,
    -13.0,
    -18.0,
    -20.0,
    -18.0,
    -20.0,
    -18.0,
    -17.0,
    -19.0,
    -18.0,
    -20.0,
    -17.0,
    -20.0,
    -20.0,
    -19.0,
    -17.0,
    -18.0,
    -19.0,
    -20.0,
    -20.0,
    -16.0,
    -17.0,
    -18.0,
    -19.0,
    -11.0,
    -18.0,
    -17.0,
    -17.0,
    -18.0,
    -17.0,
    -18.0,
    -15.0,
    -18.0,
    -14.0,
    -17.0,
    -18.0,
    -18.0,
    -16.0,
    -18.0,
    -16.0,
    -16.0,
    -17.0,
    -15.0,
    -14.0,
    -20.0,
    -16.0,
    -16.0,
    -17.0,
    -16.0,
    -17.0,
    -15.0,
    -13.0,
    -12.0,
    -16.0,
    -16.0,
    -17.0,
    -17.0,
    -14.0,
    -19.0,
    -15.0,
    -15.0,
    -18.0,
    -14.0,
    -18.0,
    -15.0,
    -17.0,
    -18.0,
    -15.0,
    -15.0,
    -14.0,
    -13.0,
    -18.0,
    -13.0,
    -18.0,
    -15.0,
    -14.0,
    -13.0,
    -16.0,
    -19.0,
    -14.0,
    -16.0,
    -14.0,
    -14.0,
    -19.0,
    -15.0,
    -14.0,
    -17.0,
    -15.0,
    -17.0,
    -17.0,
    -17.0,
    -18.0,
    -13.0,
    -17.0,
    -17.0,
    -14.0,
    -19.0,
    -16.0,
    -14.0,
    -10.0,
    -15.0,
    -14.0,
    -16.0,
    -16.0,
    -15.0,
    -12.0,
    -14.0,
    -15.0,
    -19.0,
    -11.0,
    -11.0,
    -14.0,
    -13.0,
    -12.0,
    -14.0,
    -18.0,
    -13.0,
    -15.0,
    -12.0,
    -17.0,
    -19.0,
    -13.0,
    -16.0,
    -17.0,
    -19.0,
    -13.0,
    -16.0,
    -15.0,
    -7.0,
    -13.0,
    -11.0
  ],
  "episode_lengths": [
    783,
    974,
    991,
    872,
    783,
    912,
    900,
    854,
    1118,
    1043,
    1014,
    870,
    1151,
    990,
    851,
    870,
    843,
    853,
    975,
    824,
    997,
    950,
    950,
    1008,
    872,
    996,
    838,
    992,
    944,
    794,
    885,
    851,
    1258,
    792,
    925,
    991,
    922,
    977,
    916,
    973,
    1067,
    854,
    1057,
    926,
    871,
    812,
    1021,
    1018,
    838,
    811,
    1049,
    1122,
    783,
    921,
    932,
    820,
    979,
    1021,
    1139,
    825,
    1179,
    899,
    1039,
    1018,
    824,
    880,
    884,
    821,
    1194,
    948,
    1301,
    1051,
    1057,
    1072,
    898,
    1067,
    1151,
    1228,
    940,
    917,
    1275,
    978,
    1059,
    1160,
    1264,
    1098,
    1344,
    783,
    1213,
    1219,
    1144,
    1313,
    1354,
    1322,
    1513,
    1397,
    1345,
    1414,
    1172,
    1360,
    1465,
    1722,
    1288,
    1736,
    1242,
    1240,
    1858,
    1199,
    1799,
    1123,
    1184,
    1221,
    1551,
    1634,
    1406,
    1877,
    1586,
    1445,
    1343,
    1246,
    1581,
    1387,
    1237,
    1212,
    1610,
    1371,
    1402,
    1445,
    1417,
    1412,
    1371,
    2086,
    1291,
    1532,
    1552,
    1448,
    1760,
    1909,
    1462,
    1613,
    1442,
    1352,
    1430,
    1647,
    1498,
    1290,
    2247,
    1969,
    1464,
    1418,
    2126,
    1735,
    1450,
    1609,
    1904,
    1446,
    1490,
    1902,
    1700,
    1347,
    1542,
    1792,
    1438,
    1682,
    1745,
    1983,
    2221,
    1636,
    1794,
    1764,
    2008,
    1466,
    1561,
    1916,
    1619,
    1765,
    1646,
    1545,
    1503,
    1729,
    1950,
    1397,
    1565,
    1817,
    1604,
    1867,
    1841,
    1464,
    1487,
    1829,
    1600,
    1413,
    1366,
    2563,
    1487,
    1887,
    1632,
    1629,
    1840,
    1437,
    1802,
    1840,
    2040,
    1942,
    1743,
    1934,
    1602,
    1494,
    1416,
    1833,
    1795,
    1817,
    2222,
    1434,
    2341,
    2368,
    1910,
    2273,
    1821,
    1918,
    2524,
    2270,
    2020,
    2032,
    1610,
    1699,
    2299,
    1608,
    2239,
    2399,
    1761,
    2321,
    2061,
    2198,
    2021,
    2247,
    2332,
    2219,
    2325,
    2528,
    1912,
    2500,
    2311,
    2628,
    1934,
    2157,
    1834,
    1801,
    2325,
    2090,
    1988,
    1793,
    1491,
    1970,
    1916,
    2319,
    2045,
    1930,
    2092,
    1984,
    1960,
    2173,
    1480,
    2046,
    2623,
    1841,
    2115,
    2195,
    2665,
    2368,
    1896,
    1766,
    2175,
    2084,
    2322,
    2339,
    2494,
    1523,
    2891,
    2405,
    2024,
    2512,
    2325,
    2772,
    1914,
    2216,
    1704,
    2424,
    2392,
    1790,
    2301,
    2198,
    2043,
    1766,
    2413,
    2002,
    1980,
    3109,
    2271,
    2689
  ],
  "avg_reward_last_100": -15.38,
  "avg_length_last_100": 2094.84,
  "best_episode_reward": -7.0,
  "worst_episode_reward": -21.0,
  "total_steps": 469507,
  "timestamp": "2025-11-11T18:02:59.763990"
}